{
  "results": [
    {
      "command": "./target/release/tethys index --rebuild",
      "mean": 15.739981226500001,
      "stddev": 0.26207198214682637,
      "median": 15.8185998469,
      "user": 1.0001738799999997,
      "system": 3.0843006400000004,
      "min": 15.3322389149,
      "max": 15.9847613299,
      "times": [
        15.8185998469,
        15.921469199899999,
        15.9847613299,
        15.6428368409,
        15.3322389149
      ],
      "memory_usage_byte": [
        44085248,
        44883968,
        44883968,
        44883968,
        44883968
      ],
      "exit_codes": [
        0,
        0,
        0,
        0,
        0
      ]
    }
  ]
}
