{
  "results": [
    {
      "command": "./target/release/tethys index --rebuild",
      "mean": 0.4427528801799999,
      "stddev": 0.04119543517882475,
      "median": 0.42459457658,
      "user": 0.4998560399999999,
      "system": 0.14302025999999998,
      "min": 0.40502742158,
      "max": 0.49565786758,
      "times": [
        0.47764845758,
        0.49565786758,
        0.42459457658,
        0.41083607758,
        0.40502742158
      ],
      "memory_usage_byte": [
        46292992,
        46292992,
        46292992,
        46292992,
        46292992
      ],
      "exit_codes": [
        0,
        0,
        0,
        0,
        0
      ]
    }
  ]
}
